<?xml version="1.0" encoding="UTF-8" standalone="yes"?>
<addon id="metadata.thesportsdb.com"
       name="The Sports Database"
       version="0.9.7"
       provider-name="Peter Streimelweger, Zag, Mitico">
  <requires>
    <import addon="xbmc.metadata" version="2.1.0"/>
  </requires>
  <extension point="xbmc.metadata.scraper.tvshows"
             language="en"
             library="tsdb.xml"/>
  <extension point="xbmc.addon.metadata">
      <summary lang="en">TSDB Sport Scraper</summary>
      <description lang="en">TheSportsDB is an online source of sports metadata that is maintained by its users.</description>
    <platform>all</platform>
    <license>GPL v2.0</license>
    <forum>http://forum.kodi.tv/showthread.php?tid=256198</forum>
    <website>http://www.thesportsdb.com</website>
    <email>thedatadb@gmail.com</email>
	<assets>
		<icon>icon.png</icon>
		<fanart>fanart.jpg</fanart>
		<screenshot>resources/screenshot-01.jpg</screenshot>
		<screenshot>resources/screenshot-02.jpg</screenshot>
		<screenshot>resources/screenshot-03.jpg</screenshot>
		<screenshot>resources/screenshot-04.jpg</screenshot>
		<screenshot>resources/screenshot-05.jpg</screenshot>
		<screenshot>resources/screenshot-06.jpg</screenshot>
		<screenshot>resources/screenshot-07.jpg</screenshot>
		<screenshot>resources/screenshot-08.jpg</screenshot>
		<screenshot>resources/screenshot-09.jpg</screenshot>
	</assets>
	<news>General fixes</news>
    <source>https://github.com/zag2me/metadata.thesportsdb.com</source>
    <platform>all</platform>
  </extension>
</addon>