<?xml version="1.0" encoding="UTF-8" standalone="yes"?>
<scraper name="" content="generic" thumb="" framework="1.1" date="2015-11-18" language="de">
    <NfoUrl dest="4">
        <RegExp dest="4" output="&lt;url&gt;https://www.thesportsdb.com/api/v1/json/8235861265252/search_all_leagues.php?l=\1&amp;amp;language=$INFO[language]&lt;/url&gt;" input="$$1">
            <expression></expression>
        </RegExp>
    </NfoUrl>
    <EpisodeGuideUrl dest="3">
        <RegExp dest="3" output="\1" input="$$1">
            <expression>(.*?https://www.thesportsdb.com.*)</expression>
        </RegExp>
        <RegExp dest="3" output="\1" input="$$1">
            <expression>(.*?https://thesportsdb.com.*)</expression>
        </RegExp>
    </EpisodeGuideUrl>
    <CreateSearchUrl dest="4">
        <RegExp dest="4" output="&lt;url&gt;https://www.thesportsdb.com/api/v1/json/8235861265252/search_all_leagues.php?l=\1&amp;amp;language=$INFO[language]&lt;/url&gt;" input="$$1">
            <expression clear="yes"></expression>
        </RegExp>
    </CreateSearchUrl>
    <GetSearchResults dest="1">
        <RegExp dest="1" output="&lt;?xml version=&quot;1.0&quot; encoding=&quot;utf-8&quot; standalone=&quot;yes&quot;?&gt;&lt;results&gt;\1&lt;/results&gt;" input="$$4">
            <RegExp dest="4" output="&lt;entity&gt;&lt;id&gt;\1&lt;/id&gt;&lt;title&gt;\2&lt;/title&gt;&lt;language&gt;$INFO[language]&lt;/language&gt;&lt;url&gt;https://www.thesportsdb.com/api/v1/json/8235861265252/lookupleague.php?id=\1&amp;amp;language=$INFO[language]&lt;/url&gt;&lt;/entity&gt;" input="$$1">
                <expression repeat="yes">"idLeague":(?:"|null,)?([0-9]*).*?"strLeague":(?:"|null,)?([^"]*).*?</expression>
            </RegExp>
            <expression noclean="1"></expression>
        </RegExp>
    </GetSearchResults>
    <GetEpisodeList dest="7">
        <RegExp dest="7" output="&lt;?xml version=&quot;1.0&quot; encoding=&quot;utf-8&quot; standalone=&quot;yes&quot;?&gt;&lt;episodeguide&gt;\1&lt;/episodeguide&gt;" input="$$4">
            <RegExp dest="4" output="&lt;episode&gt;&lt;title&gt;\2&lt;/title&gt;&lt;url&gt;https://www.thesportsdb.com/api/v1/json/8235861265252/lookupevent.php?id=\1&amp;amp;all=yes&lt;/url&gt;&lt;epnum&gt;\5&lt;/epnum&gt;&lt;season&gt;\4&lt;/season&gt;&lt;tsdbid&gt;\1&lt;/tsdbid&gt;&lt;aired&gt;\6&lt;/aired&gt;&lt;/episode&gt;" input="$$1">
                <expression repeat="yes">"idEvent":(?:"|null,)?([0-9]*).*?"strEvent":(?:"|null,)?([^"]*).*?"idLeague":(?:"|null,)?([0-9]*).*?"strSeason":(?:"|null,)?([0-9]*).*?"intRound":(?:"|null,)?([0-9]*).*?"dateEvent":(?:"|null,)?([^"]*).*?</expression>
            </RegExp>
            <expression noclean="1"></expression>
        </RegExp>
    </GetEpisodeList>
    <GetDetails dest="7">
        <RegExp dest="7" output="&lt;?xml version=&quot;1.0&quot; encoding=&quot;utf-8&quot; standalone=&quot;yes&quot;?&gt;&lt;details&gt;\1&lt;/details&gt;" input="$$4">
            <RegExp dest="5" output="\1" input="$$1">
                <expression noclean="1"></expression>
            </RegExp>
            <RegExp dest="4" output="&lt;id&gt;&lt;/id&gt;" input="$$5">
                <expression noclean="1"></expression>
            </RegExp>
            <RegExp dest="4+" output="&lt;tsdbid&gt;\1&lt;/tsdbid&gt;" input="$$5">
                <expression noclean="1">"idLeague":(?:"|null,)?([0-9]*).*?</expression>
            </RegExp>
            <RegExp dest="4+" output="&lt;genre&gt;Sport&lt;/genre&gt;" input="$$5" conditional="genre_sport">
                <expression></expression>
            </RegExp>
            <RegExp dest="4+" output="&lt;genre&gt;\1&lt;/genre&gt;" input="$$5" conditional="genre_category">
                <expression>"strSport":(?:"|null,)?([^"]*).*?</expression>
            </RegExp>
            <RegExp dest="4+" output="&lt;genre&gt;$INFO[genre_user_1]&lt;/genre&gt;" input="" conditional="genre_user">
                <expression></expression>
            </RegExp>
            <RegExp dest="4+" output="&lt;set&gt;\1&lt;/set&gt;" input="$$5">
                <expression noclean="1">"strSport":(?:"|null,)?([^"]*).*?</expression>
            </RegExp>
            <RegExp dest="4+" output="&lt;title&gt;\1&lt;/title&gt;" input="$$5">
                <expression>"strLeague":(?:"|null,)?([^"]*).*?</expression>
            </RegExp>
            <RegExp dest="4+" output="&lt;originaltitle&gt;\1&lt;/originaltitle&gt;" input="$$5">
                <expression noclean="1">"strLeague":(?:"|null,)?([^"]*).*?</expression>
            </RegExp>
            <RegExp dest="4+" output="&lt;sorttitle&gt;\1&lt;/sorttitle&gt;" input="$$5">
                <expression>"strLeague":(?:"|null,)?([^"]*).*?</expression>
            </RegExp>
            <RegExp dest="4+" output="&lt;studio&gt;\1&lt;/studio&gt;" input="$$5">
                <expression>"strLeague":(?:"|null,)?([^"]*).*?</expression>
            </RegExp>
            <RegExp dest="4+" output="&lt;year&gt;\1&lt;/year&gt;" input="$$5">
                <expression>"intFormedYear":(?:"|null,)?([0-9]*).*?</expression>
            </RegExp>
            <RegExp dest="4+" output="&lt;aired&gt;\1&lt;/aired&gt;" input="$$5">
                <expression noclean="1">"dateFirstEvent":(?:"|null,)?([^"]*).*?</expression>
            </RegExp>
            <RegExp dest="4+" output="&lt;premiered&gt;\1&lt;/premiered&gt;" input="$$5">
                <expression noclean="1">"dateFirstEvent":(?:"|null,)?([^"]*).*?</expression>
            </RegExp>
            <RegExp dest="4+" output="&lt;country&gt;\1&lt;/country&gt;" input="$$5">
                <expression>"strCountry":(?:"|null,)?([^"]*).*?</expression>
            </RegExp>
            <RegExp dest="4+" output="&lt;trailer&gt;\1\2\3&lt;/trailer&gt;" input="$$5">
                <expression noclean="1">"strYoutube":(?:"|null,)?([a-z.]*)(?:\\)([/a-z]*)(?:\\)([^"]*)",.*?</expression>
            </RegExp>
            <RegExp dest="4+" output="&lt;plot&gt;\1&lt;/plot&gt;" input="$$10">
                <RegExp dest="10" output="\1" input="$$5">
                    <expression>strDescription$INFO[language]":"([^"]*)",.*?</expression>
                </RegExp>
                <expression>([\w\t\s\—()-:.а-яА-Я0-9ñÑáÁéÉíÍóÓúÚüÜ¡¿]*)</expression>
            </RegExp>
            <RegExp dest="4+" output="&lt;outline&gt;\1&lt;/outline&gt;" input="$$10">
                <RegExp dest="10" output="\2" input="$$5">
                    <expression>strDescription$INFO[language]":"((.{1,200}\.).*)",.*?</expression>
                </RegExp>
                <expression>([\w\t\s\—()-:.а-яА-Я0-9ñÑáÁéÉíÍóÓúÚüÜ¡¿]*)</expression>
            </RegExp>
            <RegExp dest="4+" output="&lt;fanart url=&quot;https://www.thesportsdb.com/images/media/league/fanart/&quot;&gt;\1&lt;/fanart&gt;" input="$$7" conditional="artwork_fanart">
                <RegExp dest="7" output="&lt;thumb dim=&quot;1920x1080&quot; colors=&quot;&quot; preview=&quot;\1/preview&quot;&gt;\1&lt;/thumb&gt;" input="$$5">
                    <expression repeat="yes">"strFanart.":(?:"https:\\/\\/www.thesportsdb.com\\/images\\/media\\/league\\/fanart\\/)?(null|[^"]*).*?</expression>
                </RegExp>
                <expression noclean="1"></expression>
            </RegExp>
            <RegExp dest="4+" output="&lt;thumb aspect=&quot;banner&quot;&gt;https://www.thesportsdb.com/\1/\2/\3/\4/\5&lt;/thumb&gt;" input="$$5" conditional="artwork_banner">
                <expression>"strBanner":"https:\\/\\/(?:www\.)?thesportsdb.com\\/([a-z]*)\\/([a-z]*)\\/([a-z]*)\\/([a-z]*)\\/([^"]*)",.*?</expression>
            </RegExp>
            <RegExp dest="4+" output="&lt;thumb aspect=&quot;poster&quot;&gt;https://www.thesportsdb.com/\1/\2/\3/\4/\5&lt;/thumb&gt;" input="$$5" conditional="artwork_poster">
                <expression>"strPoster":"https:\\/\\/(?:www\.)?thesportsdb.com\\/([a-z]*)\\/([a-z]*)\\/([a-z]*)\\/([a-z]*)\\/([^"]*)",.*?</expression>
            </RegExp>
            <RegExp dest="4+" output="&lt;thumb aspect=&quot;poster&quot; type=&quot;season&quot; season=&quot;-1&quot;&gt;https://www.thesportsdb.com/\1/\2/\3/\4/\5&lt;/thumb&gt;" input="$$5" conditional="artwork_poster">
                <expression>"strPoster":"https:\\/\\/(?:www\.)?thesportsdb.com\\/([a-z]*)\\/([a-z]*)\\/([a-z]*)\\/([a-z]*)\\/([^"]*)",.*?</expression>
            </RegExp>
            <RegExp dest="4+" output="&lt;episodeguide&gt;&lt;url&gt;https://www.thesportsdb.com/api/v1/json/8235861265252/eventsseason.php?id=\1&amp;amp;all=yes&lt;/url&gt;&lt;/episodeguide&gt;" input="$$5">
                <expression noclean="1">"idLeague":(?:"|null,)?([0-9]*).*?</expression>
            </RegExp>
            <RegExp dest="4+" output="&lt;votes&gt;42&lt;/votes&gt;" input="$$5">
                <expression noclean="1"></expression>
            </RegExp>
            <RegExp dest="4+" output="&lt;rating&gt;9.200000&lt;/rating&gt;" input="$$5">
                <expression noclean="1"></expression>
            </RegExp>
            <RegExp dest="4+" output="&lt;mpaa&gt;TV-G&lt;/mpaa&gt;" input="$$5">
                <expression noclean="1"></expression>
            </RegExp>
            <RegExp dest="4+" output="&lt;status&gt;Continuing&lt;/status&gt;" input="$$5">
                <expression noclean="1"></expression>
            </RegExp>
            <RegExp dest="4+" output="&lt;director&gt;&lt;/director&gt;" input="$$5">
                <expression noclean="1"></expression>
            </RegExp>
            <RegExp dest="4+" output="&lt;top250&gt;0&lt;/top250&gt;" input="$$5">
                <expression noclean="1"></expression>
            </RegExp>
            <RegExp dest="4+" output="&lt;uniqueid&gt;&lt;/uniqueid&gt;" input="$$5">
                <expression noclean="1"></expression>
            </RegExp>
            <RegExp dest="4+" output="&lt;tagline&gt;&lt;/tagline&gt;" input="$$5">
                <expression noclean="1"></expression>
            </RegExp>
            <RegExp dest="4+" output="&lt;runtime&gt;999&lt;/runtime&gt;" input="$$5">
                <expression noclean="1"></expression>
            </RegExp>
            <RegExp dest="4+" output="&lt;code&gt;&lt;/code&gt;" input="$$5">
                <expression noclean="1"></expression>
            </RegExp>
            <RegExp dest="4+" output="&lt;url function=&quot;GetLeagueTeamsAsTvShowActors&quot;&gt;https://www.thesportsdb.com/api/v1/json/8235861265252/lookup_all_teams.php?id=\1&lt;/url&gt;" input="$$1">
                <expression>"idLeague":"([0-9]*).*?</expression>
            </RegExp>
            <RegExp dest="4+" output="&lt;url function=&quot;GetLeagueTeamsAsTvShowActors&quot;&gt;https://www.thesportsdb.com/api/v1/json/8235861265252/lookup_all_teams.php?id=\1&lt;/url&gt;" input="$$1">
                <expression>"strYoutube":(?:"|null,)?([a-z.]*)(?:\\)([/a-z]*)(?:\\)([^"]*)",.*?</expression>
            </RegExp>
            <expression noclean="1"></expression>
        </RegExp>
    </GetDetails>
    <GetEpisodeDetails dest="3">
        <RegExp dest="3" output="&lt;?xml version=&quot;1.0&quot; encoding=&quot;utf-8&quot; standalone=&quot;yes&quot;?&gt;&lt;details&gt;\1&lt;/details&gt;" input="$$4">
            <RegExp dest="8" output="\1" input="$$1">
                <expression></expression>
            </RegExp>
            <RegExp dest="4" output="&lt;uniqueid&gt;&lt;/uniqueid&gt;" input="$$8">
                <expression></expression>
            </RegExp>
            <RegExp dest="4+" output="&lt;episode&gt;\1&lt;/episode&gt;" input="$$8">
                <expression>"intRound":(?:"|null,)?([^"]*).*?</expression>
            </RegExp>
            <RegExp dest="4+" output="&lt;season&gt;\1&lt;/season&gt;" input="$$8">
                <expression>"strSeason":(?:"|null,)?([^"]*).*?</expression>
            </RegExp>
            <RegExp dest="4+" output="&lt;title&gt;\1&lt;/title&gt;" input="$$8">
                <expression>"strEvent":(?:"|null,)?([^"]*).*?</expression>
            </RegExp>
            <RegExp dest="4+" output="&lt;plot&gt;\1&lt;/plot&gt;" input="$$10">
                <RegExp dest="10" output="\1" input="$$8">
                    <expression>strDescription$INFO[language]":(?:"|null,)?([^"]*).*?</expression>
                </RegExp>
                <expression>([\w\t\s\—()-:.а-яА-Я0-9ñÑáÁéÉíÍóÓúÚüÜ¡¿]*)</expression>
            </RegExp>
            <RegExp dest="4+" output="&lt;director&gt;&lt;/director&gt;" input="$$8">
                <expression></expression>
            </RegExp>
            <RegExp dest="4+" output="&lt;url function=&quot;GetEventTeamsAsEpisodeActors&quot;&gt;https://www.thesportsdb.com/api/v1/json/8235861265252/lookup_all_players.php?id=\1&lt;/url&gt;" input="$$1">
                <expression>"idHomeTeam":"([0-9]*)",.*?</expression>
            </RegExp>
            <RegExp dest="4+" output="&lt;url function=&quot;GetEventTeamsAsEpisodeActors&quot;&gt;https://www.thesportsdb.com/api/v1/json/8235861265252/lookup_all_players.php?id=\1&lt;/url&gt;" input="$$1">
                <expression>"idAwayTeam":"([0-9]*)",.*?</expression>
            </RegExp>
            <RegExp dest="4+" output="&lt;studio&gt;\1&lt;/studio&gt;" input="$$8">
                <expression>"strTVStation":(?:"|null,)?([^"]*).*?</expression>
            </RegExp>
            <RegExp dest="4+" output="&lt;thumb&gt;https://www.thesportsdb.com/\1/\2/\3/\4/\5&lt;/thumb&gt;" input="$$8">
                <expression>"strThumb":"https:\/\/www.thesportsdb.com\/([a-z]*)\/([a-z]*)\/([a-z]*)\/([a-z]*)\/([^"]*)",</expression>
            </RegExp>
            <RegExp dest="4+" output="&lt;credits&gt;&lt;/credits&gt;" input="$$8">
                <expression></expression>
            </RegExp>
            <RegExp dest="4+" output="&lt;votes&gt;41&lt;/votes&gt;" input="$$8">
                <expression></expression>
            </RegExp>
            <RegExp dest="4+" output="&lt;rating&gt;9.100000&lt;/rating&gt;" input="$$8">
                <expression></expression>
            </RegExp>
            <RegExp dest="4+" output="&lt;runtime&gt;59&lt;/runtime&gt;" input="$$8">
                <expression></expression>
            </RegExp>
            <RegExp dest="4+" output="&lt;aired&gt;\1&lt;/aired&gt;" input="$$8">
                <expression>"dateEvent":(?:"|null,)?([^"]*).*?</expression>
            </RegExp>
            <RegExp dest="4+" output="&lt;premiered&gt;\1&lt;/premiered&gt;" input="$$8">
                <expression>"dateEvent":(?:"|null,)?([^"]*).*?</expression>
            </RegExp>
            <RegExp dest="4+" output="&lt;mpaa&gt;TV-G&lt;/mpaa&gt;" input="$$8">
                <expression></expression>
            </RegExp>
            <expression noclean="1"></expression>
        </RegExp>
    </GetEpisodeDetails>
    <GetLeagueTeamsAsTvShowActors dest="4">
        <RegExp dest="4" output="&lt;details&gt;\1&lt;/details&gt;" input="$$2">
            <RegExp dest="2" output="&lt;actor&gt;&lt;name&gt;\1&lt;/name&gt;&lt;role&gt;\2 Team&lt;/role&gt;&lt;thumb&gt;https://www.thesportsdb.com/images/media/team/badge/\3&lt;/thumb&gt;&lt;/actor&gt;" input="$$1">
                <expression repeat="yes" noclean="1">"strTeam":"([^"]*)",.*?"strLeague":"([^"]*)",.*?"strTeamBadge":(?:"https:\\/\\/www.thesportsdb.com\\/images\\/media\\/team\\/badge\\/)?(null|[^"]*).*?</expression>
            </RegExp>
            <expression noclean="1"></expression>
        </RegExp>
    </GetLeagueTeamsAsTvShowActors>
    <GetEventTeamsAsEpisodeActors dest="4">
        <RegExp dest="4" output="&lt;details&gt;\1&lt;/details&gt;" input="$$2">
            <RegExp dest="2" output="&lt;actor&gt;&lt;name&gt;\1&lt;/name&gt;&lt;role&gt;\2 Team Member&lt;/role&gt;&lt;thumb&gt;https://www.thesportsdb.com/images/media/player/thumb/\3&lt;/thumb&gt;&lt;/actor&gt;" input="$$1">
                <expression repeat="yes" noclean="1">"strPlayer":"([^"]*)",.*?"strSport":"([^"]*)",.*?"strThumb":(?:"https:\\/\\/www.thesportsdb.com\\/images\\/media\\/player\\/thumb\\/)?(null|[^"]*).*?</expression>
            </RegExp>
            <expression noclean="1"></expression>
        </RegExp>
    </GetEventTeamsAsEpisodeActors>
</scraper>