<?xml version="1.0" encoding="UTF-8" standalone="yes"?>
<addon id="repository.project.kodi" name="Project Kodi Repository" version="1.0.1" provider-name="Project Kodi">
	<extension point="xbmc.addon.repository" name="Project Kodi Repository">
		<dir minversion="14.0.0" maxversion="14.9.999">
			<info compressed="false">https://raw.githubusercontent.com/Project-Kodi/Project-Kodi.github.io/main/Version_14-0_Helix/addons.xml</info>
			<checksum>https://raw.githubusercontent.com/Project-Kodi/Project-Kodi.github.io/main/Version_14-0_Helix/addons.xml.md5</checksum>
			<datadir zip="true">https://raw.githubusercontent.com/Project-Kodi/Project-Kodi.github.io/main/Version_14-0_Helix/</datadir>
			<hashes>md5</hashes>
		</dir>
		<dir minversion="15.0.0" maxversion="15.9.999">
			<info compressed="false">https://raw.githubusercontent.com/Project-Kodi/Project-Kodi.github.io/main/Version_15-0_Isengard/addons.xml</info>
			<checksum>https://raw.githubusercontent.com/Project-Kodi/Project-Kodi.github.io/main/Version_15-0_Isengard/addons.xml.md5</checksum>
			<datadir zip="true">https://raw.githubusercontent.com/Project-Kodi/Project-Kodi.github.io/main/Version_15-0_Isengard/</datadir>
			<artdir>https://raw.githubusercontent.com/Project-Kodi/Project-Kodi.github.io/main/Version_15-0_Isengard/</artdir>								
			<hashes>md5</hashes>
		</dir>
		<dir minversion="16.0.0" maxversion="16.9.999">
			<info compressed="false">https://raw.githubusercontent.com/Project-Kodi/Project-Kodi.github.io/main/Version_16-0_Jarvis/addons.xml</info>
			<checksum>https://raw.githubusercontent.com/Project-Kodi/Project-Kodi.github.io/main/Version_16-0_Jarvis/addons.xml.md5</checksum>
			<datadir zip="true">https://raw.githubusercontent.com/Project-Kodi/Project-Kodi.github.io/main/Version_16-0_Jarvis/</datadir>
			<artdir>https://raw.githubusercontent.com/Project-Kodi/Project-Kodi.github.io/main/Version_16-0_Jarvis/</artdir>																																																			
			<hashes>md5</hashes>
		</dir>
		<dir minversion="17.0.0" maxversion="17.9.999">
			<info compressed="false">https://raw.githubusercontent.com/Project-Kodi/Project-Kodi.github.io/main/Version_17-0_Krypton/addons.xml</info>
			<checksum>https://raw.githubusercontent.com/Project-Kodi/Project-Kodi.github.io/main/Version_17-0_Krypton/addons.xml.md5</checksum>
			<datadir zip="true">https://raw.githubusercontent.com/Project-Kodi/Project-Kodi.github.io/main/Version_17-0_Krypton/</datadir>
			<artdir>https://raw.githubusercontent.com/Project-Kodi/Project-Kodi.github.io/main/Version_17-0_Krypton/</artdir>																																																			 
			<hashes>md5</hashes>
		</dir>
		<dir minversion="18.0.0" maxversion="18.9.999">
			<info compressed="false">https://raw.githubusercontent.com/Project-Kodi/Project-Kodi.github.io/main/Version_18-0_Leia/addons.xml</info>
			<checksum>https://raw.githubusercontent.com/Project-Kodi/Project-Kodi.github.io/main/Version_18-0_Leia/addons.xml.md5</checksum>
			<datadir zip="true">https://raw.githubusercontent.com/Project-Kodi/Project-Kodi.github.io/main/Version_18-0_Leia/</datadir>
			<artdir>https://raw.githubusercontent.com/Project-Kodi/Project-Kodi.github.io/main/Version_18-0_Leia/</artdir>																																																		
			<hashes>md5</hashes>
		</dir>
		<dir minversion="19.0.0" maxversion="19.9.999">
			<info compressed="false">https://raw.githubusercontent.com/Project-Kodi/Project-Kodi.github.io/main/Version_19-0_Matrix/addons.xml</info>
			<checksum>https://raw.githubusercontent.com/Project-Kodi/Project-Kodi.github.io/main/Version_19-0_Matrix/addons.xml.md5</checksum>
			<datadir zip="true">https://raw.githubusercontent.com/Project-Kodi/Project-Kodi.github.io/main/Version_19-0_Matrix/</datadir>
			<artdir>https://raw.githubusercontent.com/Project-Kodi/Project-Kodi.github.io/main/Version_19-0_Matrix/</artdir>																																																			
			<hashes>md5</hashes>
		</dir>
		<dir minversion="20.0.0" maxversion="20.9.999">
			<info compressed="false">https://raw.githubusercontent.com/Project-Kodi/Project-Kodi.github.io/main/Version_20-0_Nexus/addons.xml</info>
			<checksum>https://raw.githubusercontent.com/Project-Kodi/Project-Kodi.github.io/main/Version_20-0_Nexus/addons.xml.md5</checksum>
			<datadir zip="true">https://raw.githubusercontent.com/Project-Kodi/Project-Kodi.github.io/main/Version_20-0_Nexus/</datadir>
			<artdir>https://raw.githubusercontent.com/Project-Kodi/Project-Kodi.github.io/main/Version_20-0_Nexus/</artdir>																																																		  
			<hashes>md5</hashes>
		</dir>
		<dir minversion="21.0.0" maxversion="21.9.999">
			<info compressed="false">https://raw.githubusercontent.com/Project-Kodi/Project-Kodi.github.io/main/Version_21-0_Omega/addons.xml</info>
			<checksum>https://raw.githubusercontent.com/Project-Kodi/Project-Kodi.github.io/main/Version_21-0_Omega/addons.xml.md5</checksum>
			<datadir zip="true">https://raw.githubusercontent.com/Project-Kodi/Project-Kodi.github.io/main/Version_21-0_Omega/</datadir>
			<artdir>https://raw.githubusercontent.com/Project-Kodi/Project-Kodi.github.io/main/Version_21-0_Omega/</artdir>																																																		  
			<hashes>md5</hashes>
		</dir>
		<dir minversion="22.0.0">
			<info compressed="false">https://raw.githubusercontent.com/Project-Kodi/Project-Kodi.github.io/main/Version_22-0_Pegasus/addons.xml</info>
			<checksum>https://raw.githubusercontent.com/Project-Kodi/Project-Kodi.github.io/main/Version_22-0_Pegasus/addons.xml.md5</checksum>
			<datadir zip="true">https://raw.githubusercontent.com/Project-Kodi/Project-Kodi.github.io/main/Version_22-0_Pegasus/</datadir>
			<artdir>https://raw.githubusercontent.com/Project-Kodi/Project-Kodi.github.io/main/Version_22-0_Pegasus/</artdir>																																																			 
			<hashes>md5</hashes>
		</dir>
	</extension>
	<extension point="xbmc.addon.metadata">
		<summary lang="de_DE">Project Kodi Repository</summary>
		<summary lang="en_GB">Project Kodi Repository</summary>
		<summary lang="en_US">Project Kodi Repository</summary>
		<summary lang="fi_FI">Projekti Kodi -arkisto</summary>
		<summary lang="fr_FR">Dépôt du projet Kodi</summary>
		<summary lang="pt_PT">Repositório do projeto Kodi</summary>
		<summary lang="sv_SE">Projekt Kodi-förråd</summary>
		<summary lang="es_ES">Repositorio del proyecto Kodi</summary>
		<description lang="de_DE">Dies ist das offizielle Project-Kodi Addon-Verzeichnis. Das Zuhause des Sports Scraper für Kodi: https://www.thesportsdb.com</description>
		<description lang="en_GB">This is the official Project Kodi addon directory. The Home of Sports Scraper for Kodi: https://www.thesportsdb.com</description>
		<description lang="en_US">This is the official Project Kodi addon directory. The Home of Sports Scraper for Kodi: https://www.thesportsdb.com</description>
		<description lang="fi_FI">Tämä on virallinen Project Kodi -lisäosien hakemisto. Kodin Sports Scraperin koti: https://www.thesportsdb.com</description>
		<description lang="fr_FR">Ceci est le répertoire officiel des modules complémentaires du Projet Kodi. La maison du Sports Scraper pour Kodi : https://www.thesportsdb.com</description>
		<description lang="pt_PT">Este é o diretório oficial de complementos do Projeto Kodi. A casa do Sports Scraper para Kodi: https://www.thesportsdb.com</description>
		<description lang="es_ES">Este es el directorio oficial de complementos del Proyecto Kodi. El hogar del raspador deportivo para Kodi: https://www.thesportsdb.com</description>
		<description lang="sv_SE">Detta är den officiella Project Kodi-tilläggskatalogen. Hemmet för Sports Scraper för Kodi: https://www.thesportsdb.com</description>
		<disclaimer lang="de_DE">Die dargestellten Inhalte des in diesem Verzeichnis enthaltenen Addons, werden von den Entwicklern des Addons nicht gehostet oder verbreitet, noch stehen Sie in irgendeiner Verbdindung zu den Content-Anbieter.</disclaimer>
		<disclaimer lang="en_GB">The content presented in the add-on contained in this directory is not hosted or distributed by the developers of the add-on, nor do they have any connection to the content providers.</disclaimer>
		<disclaimer lang="en_US">The content presented in the add-on contained in this directory is not hosted or distributed by the developers of the add-on, nor do they have any connection to the content providers.</disclaimer>
		<disclaimer lang="fi_FI">Lisäosan kehittäjät eivät isännöi tai jaa tämän hakemiston lisäosan sisältämää sisältöä, eikä heillä ole mitään yhteyttä sisällöntuottajiin.</disclaimer>
		<disclaimer lang="fr_FR">Le contenu présenté dans le module complémentaire contenu dans ce répertoire n'est ni hébergé ni distribué par les développeurs du module complémentaire, et ils n'ont aucun lien avec les fournisseurs de contenu.</disclaimer>
		<disclaimer lang="pt_PT">O conteúdo apresentado no complemento contido neste diretório não é hospedado ou distribuído pelos desenvolvedores do complemento, nem possui qualquer conexão com os provedores de conteúdo.</disclaimer>
		<disclaimer lang="sv_SE">Innehållet som presenteras i tillägget som finns i den här katalogen är inte värd för eller distribueras av utvecklarna av tillägget, och de har inte heller någon koppling till innehållsleverantörerna.</disclaimer>
		<disclaimer lang="es_ES">El contenido presentado en el complemento contenido en este directorio no está alojado ni distribuido por los desarrolladores del complemento, ni tienen ninguna conexión con los proveedores de contenido.</disclaimer>
		<platform>all</platform>
		<license>GPL v2.0</license>
		<forum>http://forum.kodi.tv/showthread.php?</forum>
		<website>https://Project-Kodi.github.io/</website>
		<email>kodi-support@streimelweger.eu</email>
		<language>en</language>
		<news>1.0.1 - Add more Addons + more Features</news>							 
		<assets>
			<icon>resources/icon.png</icon>
			<fanart>resources/fanart.jpg</fanart>
			<banner>resources/banner.jpg</banner>
			<screenshot>resources/screenshot-01.jpg</screenshot>
			<screenshot>resources/screenshot-02.jpg</screenshot>
			<screenshot>resources/screenshot-03.jpg</screenshot>
		</assets>
	</extension>
</addon>
