<?xml version="1.0" encoding="UTF-8" standalone="yes"?>
<!--See https://github.com/Project-Kodi/Project-Kodi.github.io | https://kodi.wiki/view/Addon.xml -->
<addon id="plugin.program.tctgui" name="Texture Cache Tool - GUI Version" version="0.9.1" provider-name="Project Kodi">
	<requires>
		<import addon="xbmc.python" version="3.0.0"/>
		<import addon="script.module.urllib3" version="2.1.0"/>
	    <import addon="script.module.kodi-six" version="0.1.3.1"/>
	</requires>
	<extension point="xbmc.python.script" library="main.py">	
		<provides>executable</provides>
	</extension>
	<extension point="xbmc.addon.metadata">
		<news>First Release: Version 0.9.1.</news>
		<summary lang="en_gb">Use the TextureCacheTool directly in Kodi.</summary>
		<description lang="en_gb">Utility to manage and update the local Kodi texture cache (Texture##.db and Thumbnails folder including MySQL connections/database).</description>
		<disclaimer lang="en_gb">Please use at your own risk. Author bears no liability for any changes made by this plugin in your system.</disclaimer>
		<summary lang="de_de">Verwenden Sie das TextureCacheTool direkt in Kodi.</summary>
		<description lang="de_de">Dienstprogramm zum Verwalten und Aktualisieren des lokalen Kodi-Textur-Cache (Texture##.db und Thumbnails-Ordner einschließlich MySQL-Verbindungen/Datenbank).</description>
		<disclaimer lang="de_de">Bitte nutzen Sie es auf eigene Gefahr. Der Autor übernimmt keine Haftung für Änderungen, die durch dieses Plugin in Ihrem System vorgenommen werden.</disclaimer>		
		<platform>all</platform>
		<license>GPL v2.0</license>
		<forum>http://forum.kodi.tv/showthread.php?</forum>
		<website>https://Project-Kodi.github.io/</website>
		<email>kodi-support@streimelweger.eu</email>
		<language>en de</language>
		<assets>
			<icon>resources/icon.png</icon>
			<fanart>resources/fanart.jpg</fanart>
			<banner>resources/banner.jpg</banner>
			<screenshot>resources/screenshot-01.jpg</screenshot>
			<screenshot>resources/screenshot-02.jpg</screenshot>
			<screenshot>resources/screenshot-03.jpg</screenshot>
		</assets>
	</extension>
</addon>